﻿Income Type,(Hide) Income Target,(Hide) This Month Income,Income Record,Income this Month,Mo.Target Status,Monthly Target
Payroll,Income Target,This Mo. Income,Main Income Dec 28 (https://www.notion.so/Main-Income-Dec-28-14ebb77fd43080508d13e4e8909de5ec?pvs=21),5000,100% On Target 🔼,"$5,000.00"
Business,Income Target,This Mo. Income,Previous Month Nov 28 (https://www.notion.so/Previous-Month-Nov-28-151bb77fd430802e84fbdb5c9588c2c8?pvs=21),,Not Targeted,$800.00
Bonus,Income Target,This Mo. Income,,,Not Targeted,$0.00
Funding,Income Target,This Mo. Income,,,Not Targeted,$0.00
other,Income Target,This Mo. Income,,,Not Targeted,$0.00